id,name,email,created_at,updated_at
1,John Doe,john.doe@example.com,2024-12-22 12:00:00,2024-12-22 12:00:00
2,Jane Smith,jane.smith@example.com,2024-12-22 12:01:00,2024-12-22 12:01:00
3,Mike Johnson,mike.johnson@example.com,2024-12-22 12:02:00,2024-12-22 12:02:00
4,Sarah Williams,sarah.williams@example.com,2024-12-22 12:03:00,2024-12-22 12:03:00
5,Chris Brown,chris.brown@example.com,2024-12-22 12:04:00,2024-12-22 12:04:00
6,Emily Davis,emily.davis@example.com,2024-12-22 12:05:00,2024-12-22 12:05:00
7,Matthew Martinez,matthew.martinez@example.com,2024-12-22 12:06:00,2024-12-22 12:06:00
8,Ashley Garcia,ashley.garcia@example.com,2024-12-22 12:07:00,2024-12-22 12:07:00
9,Daniel Lopez,daniel.lopez@example.com,2024-12-22 12:08:00,2024-12-22 12:08:00
10,Amy Wilson,amy.wilson@example.com,2024-12-22 12:09:00,2024-12-22 12:09:00
11,Brian Lee,brian.lee@example.com,2024-12-22 12:10:00,2024-12-22 12:10:00
12,Maria Clark,maria.clark@example.com,2024-12-22 12:11:00,2024-12-22 12:11:00
13,James Lewis,james.lewis@example.com,2024-12-22 12:12:00,2024-12-22 12:12:00
14,Emma Young,emma.young@example.com,2024-12-22 12:13:00,2024-12-22 12:13:00
15,Michael King,michael.king@example.com,2024-12-22 12:14:00,2024-12-22 12:14:00
16,Olivia Wright,olivia.wright@example.com,2024-12-22 12:15:00,2024-12-22 12:15:00
17,Jacob Scott,jacob.scott@example.com,2024-12-22 12:16:00,2024-12-22 12:16:00
18,Isabella Hall,isabella.hall@example.com,2024-12-22 12:17:00,2024-12-22 12:17:00
19,William Perez,william.perez@example.com,2024-12-22 12:18:00,2024-12-22 12:18:00
20,Sophia Adams,sophia.adams@example.com,2024-12-22 12:19:00,2024-12-22 12:19:00
